{"cameraMode":{"drawMode":0,"name":"Shaded","section":"Shading Mode"},"sceneLighting":false,"audioPlay":false,"sceneViewState":{"m_AlwaysRefresh":false,"showFog":true,"showSkybox":false,"showFlares":true,"showImageEffects":true,"showParticleSystems":true,"showVisualEffectGraphs":true,"m_FxEnabled":true},"in2DMode":false,"pivot":{"x":0.025388479232788087,"y":0.8332499861717224,"z":6.627344131469727},"rotation":{"x":0.2498278021812439,"y":-0.2741161584854126,"z":0.07346291095018387,"w":0.9259471297264099},"size":1.9620169401168824,"orthographic":false}