{"cameraMode":{"drawMode":0,"name":"Shaded","section":"Shading Mode"},"sceneLighting":false,"audioPlay":false,"sceneViewState":{"m_AlwaysRefresh":false,"showFog":true,"showSkybox":false,"showFlares":true,"showImageEffects":true,"showParticleSystems":true,"showVisualEffectGraphs":true,"m_FxEnabled":true},"in2DMode":false,"pivot":{"x":25.100000381469728,"y":4.980000019073486,"z":21.799999237060548},"rotation":{"x":0.15669481456279756,"y":-0.8178933262825012,"z":0.2567940056324005,"w":0.49148255586624148},"size":0.3464139699935913,"orthographic":false}