{"cameraMode":{"drawMode":0,"name":"Shaded","section":"Shading Mode"},"sceneLighting":false,"audioPlay":false,"sceneViewState":{"m_AlwaysRefresh":false,"showFog":true,"showSkybox":false,"showFlares":true,"showImageEffects":true,"showParticleSystems":true,"showVisualEffectGraphs":true,"m_FxEnabled":true},"in2DMode":false,"pivot":{"x":-0.021699339151382448,"y":-0.012138083577156067,"z":0.5970193147659302},"rotation":{"x":0.013772645965218544,"y":0.6870829463005066,"z":-0.012941679917275906,"w":0.7265316247940064},"size":1.1136358976364136,"orthographic":false}