{"cameraMode":{"drawMode":0,"name":"Shaded","section":"Shading Mode"},"sceneLighting":false,"audioPlay":false,"sceneViewState":{"m_AlwaysRefresh":false,"showFog":true,"showSkybox":false,"showFlares":true,"showImageEffects":true,"showParticleSystems":true,"showVisualEffectGraphs":true,"m_FxEnabled":true},"in2DMode":false,"pivot":{"x":0.24061061441898347,"y":1.0089774131774903,"z":10.251507759094239},"rotation":{"x":-0.014569456689059735,"y":0.19137126207351685,"z":-0.000545068527571857,"w":-0.9821430444717407},"size":0.7123421430587769,"orthographic":false}