{"cameraMode":{"drawMode":0,"name":"Shaded","section":"Shading Mode"},"sceneLighting":false,"audioPlay":false,"sceneViewState":{"m_AlwaysRefresh":false,"showFog":true,"showSkybox":false,"showFlares":true,"showImageEffects":true,"showParticleSystems":true,"showVisualEffectGraphs":true,"m_FxEnabled":true},"in2DMode":false,"pivot":{"x":3.1203770637512209,"y":1.7823841571807862,"z":-0.38638293743133547},"rotation":{"x":-0.05927526205778122,"y":-0.8363997936248779,"z":0.09218007326126099,"w":-0.5371478796005249},"size":1.2779321670532227,"orthographic":false}